timestamp,active_sessions,new_sessions,ended_sessions
2026-09-15 16:19:56,1,1,0
2026-09-15 16:20:01,1,0,0
2026-09-15 16:20:06,1,0,0
2026-09-15 16:20:11,1,0,0
2026-09-15 16:21:43,1,1,0
2026-09-15 16:21:48,1,0,0
2026-09-15 16:21:53,1,0,0
2026-09-15 16:21:58,1,0,0
2026-09-15 16:22:03,1,0,0
2026-09-15 16:22:08,1,0,0
2026-09-15 16:22:13,1,0,0
2026-09-15 16:22:18,1,0,0
2026-09-15 16:22:23,1,0,0
2026-09-15 16:22:28,1,0,0
2026-09-15 16:22:33,1,0,0
2026-09-15 16:22:38,1,0,0
2026-09-15 16:22:43,1,0,0
2026-09-15 16:22:48,1,0,0
2026-09-15 16:22:53,1,0,0
2026-09-15 16:22:58,1,0,0
2026-09-15 16:23:03,1,0,0
2026-09-15 16:23:08,1,0,0
2026-09-15 16:23:13,1,0,0
2026-09-15 16:23:18,1,0,0
2026-09-15 16:23:23,1,0,0
2026-09-15 16:23:28,1,0,0
2026-09-15 16:23:33,1,0,0
2026-09-15 16:23:38,1,0,0
2026-09-15 16:23:43,1,0,0
2026-09-15 16:23:48,1,0,0
2026-09-15 16:23:53,1,0,0
2026-09-15 16:23:58,1,0,0
2026-09-15 16:24:03,1,0,0
2026-09-15 16:24:08,1,0,0
2026-09-15 16:24:13,1,0,0
2026-09-15 16:24:18,1,0,0
2026-09-15 16:24:23,1,0,0
2026-09-15 16:24:28,1,0,0
2026-09-15 16:24:33,1,0,0
2026-09-15 16:24:38,1,0,0
2026-09-15 16:24:43,1,0,0
2026-09-15 16:24:48,1,0,0
2026-09-15 16:24:53,1,0,0
2026-09-15 16:24:58,1,0,0
2026-09-15 16:25:03,1,0,0
2026-09-15 16:25:08,1,0,0
2026-09-15 16:25:13,1,0,0
2026-09-15 16:25:18,1,0,0
2026-09-15 16:25:23,1,0,0
2026-09-15 16:25:28,1,0,0
2026-09-15 16:25:33,1,0,0
2026-09-15 16:25:38,1,0,0
2026-09-15 16:25:43,1,0,0
2026-09-15 16:25:48,1,0,0
2026-09-15 16:25:53,1,0,0
2026-09-15 16:25:58,1,0,0
2026-09-15 16:26:03,1,0,0
2026-09-15 16:26:08,1,0,0
2026-09-15 16:26:13,1,0,0
2026-09-15 16:26:18,1,0,0
2026-09-15 16:26:23,1,0,0
2026-09-15 16:26:28,1,0,0
2026-09-15 16:26:33,1,0,0
2026-09-15 16:26:38,1,0,0
2026-09-15 16:26:43,1,0,0
2026-09-15 16:26:48,1,0,0
2026-09-15 16:26:53,1,0,0
2026-09-15 16:26:58,1,0,0
2026-09-15 16:27:03,1,0,0
2026-09-15 16:27:08,1,0,0
2026-09-15 16:27:13,1,0,0
2026-09-15 16:27:18,1,0,0
2026-09-15 16:27:23,1,0,0
2026-09-15 16:27:28,1,0,0
2026-09-15 16:27:33,1,0,0
2026-09-15 16:27:38,1,0,0
2026-09-15 16:27:43,1,0,0
2026-09-15 16:27:48,1,0,0
2026-09-15 16:27:53,1,0,0
2026-09-15 16:27:58,1,0,0
2026-09-15 16:28:03,1,0,0
2026-09-15 16:28:08,1,0,0
2026-09-15 16:28:13,1,0,0
2026-09-15 16:28:18,1,0,0
2026-09-15 16:28:23,1,0,0
2026-09-15 16:28:28,1,0,0
2026-09-15 16:28:33,1,0,0
2026-09-15 16:28:38,1,0,0
2026-09-15 16:28:43,1,0,0
2026-09-15 16:28:48,1,0,0
2026-09-15 16:28:53,1,0,0
2026-09-15 16:28:58,1,0,0
2026-09-15 16:29:03,1,0,0
2026-09-15 16:29:08,1,0,0
2026-09-15 16:29:13,1,0,0
2026-09-15 16:29:18,1,0,0
2026-09-15 16:29:23,1,0,0
2026-09-15 16:29:28,1,0,0
2026-09-15 16:29:33,1,0,0
2026-09-15 16:29:38,1,0,0
2026-09-15 16:29:43,1,0,0
2026-09-15 16:29:48,1,0,0
2026-09-15 16:29:53,1,0,0
2026-09-15 16:29:58,1,0,0
2026-09-15 16:30:03,1,0,0
2026-09-15 16:30:08,1,0,0
2026-09-15 16:30:13,1,0,0
2026-09-15 16:30:18,1,0,0
2026-09-15 16:30:23,1,0,0
2026-09-15 16:30:28,1,0,0
2026-09-15 16:30:33,1,0,0
2026-09-15 16:30:38,1,0,0
2026-09-15 16:30:43,1,0,0
2026-09-15 16:30:48,1,0,0
2026-09-15 16:30:53,1,0,0
2026-09-15 16:30:58,1,0,0
2026-09-15 16:31:03,1,0,0
2026-09-15 16:31:08,1,0,0
2026-09-15 16:31:13,1,0,0
2026-09-15 16:31:18,1,0,0
2026-09-15 16:31:23,1,0,0
2026-09-15 16:31:28,1,0,0
2026-09-15 16:31:33,1,0,0
2026-09-15 16:31:38,1,0,0
2026-09-15 16:31:43,1,0,0
2026-09-15 16:31:48,1,0,0
2026-09-15 16:31:53,1,0,0
2026-09-15 16:31:59,1,0,0
2026-09-15 16:32:04,1,0,0
2026-09-15 16:32:09,1,0,0
2026-09-15 16:32:14,1,0,0
2026-09-15 16:32:19,1,0,0
2026-09-15 16:32:24,1,0,0
2026-09-15 16:32:29,1,0,0
2026-09-15 16:32:34,1,0,0
2026-09-15 16:32:39,1,0,0
2026-09-15 16:32:44,1,0,0
2026-09-15 16:32:49,1,0,0
2026-09-15 16:32:54,1,0,0
2026-09-15 16:32:59,1,0,0
2026-09-15 16:33:04,1,0,0
2026-09-15 16:33:09,1,0,0
2026-09-15 16:33:14,1,0,0
2026-09-15 16:33:19,1,0,0
2026-09-15 16:33:24,1,0,0
2026-09-15 16:33:29,1,0,0
2026-09-15 16:33:34,1,0,0
2026-09-15 16:33:39,1,0,0
2026-09-15 16:33:44,1,0,0
2026-09-15 16:33:49,1,0,0
2026-09-15 16:33:54,1,0,0
2026-09-15 16:33:59,1,0,0
2026-09-15 16:34:04,1,0,0
2026-09-15 16:34:09,1,0,0
2026-09-15 16:34:14,1,0,0
2026-09-15 16:34:19,1,0,0
2026-09-15 16:34:24,1,0,0
2026-09-15 16:34:29,1,0,0
2026-09-15 16:34:34,1,0,0
2026-09-15 16:34:39,1,0,0
2026-09-15 16:34:44,1,0,0
2026-09-15 16:34:49,1,0,0
2026-09-15 16:34:54,1,0,0
2026-09-15 16:34:59,1,0,0
2026-09-15 16:35:04,1,0,0
2026-09-15 16:35:09,1,0,0
2026-09-15 16:35:14,1,0,0
2026-09-15 16:35:19,1,0,0
2026-09-15 16:35:24,1,0,0
2026-09-15 16:35:29,1,0,0
2026-09-15 16:35:34,1,0,0
2026-09-15 16:35:39,1,0,0
2026-09-15 16:35:44,1,0,0
2026-09-15 16:35:49,1,0,0
2026-09-15 16:35:54,1,0,0
2026-09-15 16:35:59,1,0,0
2026-09-15 16:36:04,1,0,0
2026-09-15 16:36:09,1,0,0
2026-09-15 16:36:14,1,0,0
2026-09-15 16:36:19,1,0,0
2026-09-15 16:36:24,1,0,0
2026-09-15 16:36:29,1,0,0
2026-09-15 16:36:34,1,0,0
2026-09-15 16:36:39,1,0,0
2026-09-15 16:36:44,1,0,0
2026-09-15 16:36:49,1,0,0
2026-09-15 16:36:54,1,0,0
2026-09-15 16:36:59,1,0,0
2026-09-15 16:37:04,1,0,0
2026-09-15 16:37:09,1,0,0
2026-09-15 16:37:14,1,0,0
2026-09-15 16:37:19,1,0,0
2026-09-15 16:37:24,1,0,0
2026-09-15 16:37:29,1,0,0
2026-09-15 16:37:34,1,0,0
2026-09-15 16:37:39,1,0,0
2026-09-15 16:37:44,1,0,0
2026-09-15 16:37:49,1,0,0
2026-09-15 16:37:54,1,0,0
2026-09-15 16:37:59,1,0,0
2026-09-15 16:38:04,1,0,0
2026-09-15 16:38:09,1,0,0
2026-09-15 16:38:14,1,0,0
2026-09-15 16:38:19,1,0,0
2026-09-15 16:38:24,1,0,0
2026-09-15 16:38:29,1,0,0
2026-09-15 16:38:34,1,0,0
2026-09-15 16:38:39,1,0,0
2026-09-15 16:38:44,1,0,0
2026-09-15 16:38:49,1,0,0
2026-09-15 16:38:54,1,0,0
2026-09-15 16:38:59,1,0,0
2026-09-15 16:39:04,1,0,0
2026-09-15 16:39:09,1,0,0
2026-09-15 16:39:14,1,0,0
2026-09-15 16:39:19,1,0,0
2026-09-15 16:39:24,1,0,0
2026-09-15 16:39:29,1,0,0
2026-09-15 16:39:34,1,0,0
2026-09-15 16:39:39,1,0,0
2026-09-15 16:39:44,1,0,0
2026-09-15 16:39:49,1,0,0
2026-09-15 16:39:54,1,0,0
2026-09-15 16:39:59,1,0,0
2026-09-15 16:40:04,1,0,0
2026-09-15 16:40:09,1,0,0
2026-09-15 16:40:14,1,0,0
2026-09-15 16:40:19,1,0,0
2026-09-15 16:40:24,1,0,0
2026-09-15 16:40:29,1,0,0
2026-09-15 16:40:34,1,0,0
2026-09-15 16:40:39,1,0,0
2026-09-15 16:40:44,1,0,0
2026-09-15 16:40:49,1,0,0
2026-09-15 16:40:54,1,0,0
2026-09-15 16:40:59,1,0,0
2026-09-15 16:41:04,1,0,0
2026-09-15 16:41:09,1,0,0
2026-09-15 16:41:14,1,0,0
2026-09-15 16:41:19,1,0,0
2026-09-15 16:41:24,1,0,0
2026-09-15 16:41:29,1,0,0
2026-09-15 16:41:34,1,0,0
2026-09-15 16:41:39,1,0,0
2026-09-15 16:41:44,1,0,0
2026-09-15 16:41:49,1,0,0
2026-09-15 16:41:54,1,0,0
2026-09-15 16:41:59,1,0,0
2026-09-15 16:42:04,1,0,0
2026-09-15 16:42:09,1,0,0
2026-09-15 16:42:14,1,0,0
2026-09-15 16:42:19,1,0,0
2026-09-15 16:42:24,1,0,0
2026-09-15 16:42:29,1,0,0
2026-09-15 16:42:34,1,0,0
2026-09-15 16:42:39,1,0,0
2026-09-15 16:42:44,1,0,0
2026-09-15 16:42:49,1,0,0
2026-09-15 16:42:54,1,0,0
2026-09-15 16:42:59,1,0,0
2026-09-15 16:43:04,1,0,0
2026-09-15 16:43:09,1,0,0
2026-09-15 16:43:14,1,0,0
2026-09-15 16:43:19,1,0,0
2026-09-15 16:43:24,1,0,0
2026-09-15 16:43:29,1,0,0
2026-09-15 16:43:34,1,0,0
2026-09-15 16:43:39,1,0,0
2026-09-15 16:43:44,1,0,0
2026-09-15 16:43:50,1,0,0
2026-09-15 16:43:55,1,0,0
2026-09-15 16:44:00,1,0,0
2026-09-15 16:44:05,1,0,0
2026-09-15 16:44:10,1,0,0
2026-09-15 16:44:15,1,0,0
2026-09-15 16:44:20,1,0,0
2026-09-15 16:44:25,1,0,0
2026-09-15 16:44:30,1,0,0
2026-09-15 16:44:35,1,0,0
2026-09-15 16:44:40,1,0,0
2026-09-15 16:44:45,1,0,0
2026-09-15 16:44:50,1,0,0
2026-09-15 16:44:55,1,0,0
2026-09-15 16:45:00,1,0,0
2026-09-15 16:45:05,1,0,0
2026-09-15 16:45:10,1,0,0
2026-09-15 16:45:15,1,0,0
2026-09-15 16:45:20,1,0,0
2026-09-15 16:45:25,1,0,0
2026-09-15 16:45:30,1,0,0
2026-09-15 16:45:35,1,0,0
2026-09-15 16:45:40,1,0,0
2026-09-15 16:45:45,1,0,0
2026-09-15 16:45:50,1,0,0
2026-09-15 16:45:55,1,0,0
2026-09-15 16:46:00,1,0,0
2026-09-15 16:46:05,1,0,0
2026-09-15 16:46:10,1,0,0
2026-09-15 16:46:15,1,0,0
2026-09-15 16:46:20,1,0,0
2026-09-15 16:46:25,1,0,0
2026-09-15 16:46:30,1,0,0
2026-09-15 16:46:35,1,0,0
2026-09-15 16:46:40,1,0,0
2026-09-15 16:46:45,1,0,0
2026-09-15 16:46:50,1,0,0
2026-09-15 16:46:55,1,0,0
2026-09-15 16:47:00,1,0,0
2026-09-15 16:47:05,1,0,0
2026-09-15 16:47:10,1,0,0
2026-09-15 16:47:15,1,0,0
2026-09-15 16:47:20,1,0,0
2026-09-15 16:47:25,1,0,0
2026-09-15 16:47:30,1,0,0
2026-09-15 16:47:35,1,0,0
2026-09-15 16:47:40,1,0,0
2026-09-15 16:47:45,1,0,0
2026-09-15 16:47:50,1,0,0
2026-09-15 16:47:55,1,0,0
2026-09-15 16:48:00,1,0,0
2026-09-15 16:48:05,1,0,0
2026-09-15 16:48:10,1,0,0
2026-09-15 16:48:15,1,0,0
2026-09-15 16:48:20,1,0,0
2026-09-15 16:48:25,1,0,0
2026-09-15 16:48:30,1,0,0
2026-09-15 16:48:35,1,0,0
2026-09-15 16:48:40,1,0,0
2026-09-15 16:48:45,1,0,0
2026-09-15 16:48:50,1,0,0
2026-09-15 16:48:55,1,0,0
2026-09-15 16:49:00,1,0,0
2026-09-15 16:49:05,1,0,0
2026-09-15 16:49:10,1,0,0
2026-09-15 16:49:15,1,0,0
2026-09-15 16:49:20,1,0,0
2026-09-15 16:49:25,1,0,0
2026-09-15 16:49:30,1,0,0
2026-09-15 16:49:35,1,0,0
2026-09-15 16:49:40,1,0,0
2026-09-15 16:49:45,1,0,0
2026-09-15 16:49:50,1,0,0
2026-09-15 16:49:55,1,0,0
2026-09-15 16:50:00,1,0,0
2026-09-15 16:50:05,1,0,0
2026-09-15 16:50:10,1,0,0
2026-09-15 16:50:15,1,0,0
2026-09-15 16:50:20,1,0,0
2026-09-15 16:50:25,1,0,0
2026-09-15 16:50:30,1,0,0
2026-09-15 16:50:35,1,0,0
2026-09-15 16:50:40,1,0,0
2026-09-15 16:50:45,1,0,0
2026-09-15 16:50:50,1,0,0
2026-09-15 16:50:55,1,0,0
2026-09-15 16:51:00,1,0,0
2026-09-15 16:51:05,1,0,0
2026-09-15 16:51:10,1,0,0
2026-09-15 16:51:15,1,0,0
2026-09-15 16:51:20,1,0,0
2026-09-15 16:51:25,1,0,0
2026-09-15 16:51:30,1,0,0
2026-09-15 16:51:35,1,0,0
2026-09-15 16:51:40,1,0,0
2026-09-15 16:51:45,1,0,0
2026-09-15 16:51:50,1,0,0
2026-09-15 16:51:55,1,0,0
2026-09-15 16:52:00,1,0,0
2026-09-15 16:52:05,1,0,0
2026-09-15 16:52:10,1,0,0
2026-09-15 16:52:15,1,0,0
2026-09-15 16:52:20,1,0,0
2026-09-15 16:52:25,1,0,0
2026-09-15 16:52:30,1,0,0
2026-09-15 16:52:35,1,0,0
2026-09-15 16:52:40,1,0,0
2026-09-15 16:52:45,1,0,0
2026-09-15 16:52:50,1,0,0
2026-09-15 16:52:55,1,0,0
2026-09-15 16:53:00,1,0,0
2026-09-15 16:53:05,1,0,0
2026-09-15 16:53:10,1,0,0
2026-09-15 16:53:15,1,0,0
2026-09-15 16:53:20,1,0,0
2026-09-15 16:53:25,1,0,0
2026-09-15 16:53:30,1,0,0
2026-09-15 16:53:35,1,0,0
2026-09-15 16:53:40,1,0,0
2026-09-15 16:53:45,1,0,0
2026-09-15 16:53:50,1,0,0
2026-09-15 16:53:55,1,0,0
2026-09-15 16:54:00,1,0,0
2026-09-15 16:54:05,1,0,0
2026-09-15 16:54:10,1,0,0
2026-09-15 16:54:15,1,0,0
2026-09-15 16:54:20,1,0,0
2026-09-15 16:54:25,1,0,0
2026-09-15 16:54:30,1,0,0
2026-09-15 16:54:35,1,0,0
2026-09-15 16:54:40,1,0,0
2026-09-15 16:54:45,1,0,0
2026-09-15 16:54:50,1,0,0
2026-09-15 16:54:55,1,0,0
2026-09-15 16:55:00,1,0,0
2026-09-15 16:55:05,1,0,0
2026-09-15 16:55:10,1,0,0
2026-09-15 16:55:15,1,0,0
2026-09-15 16:55:20,1,0,0
2026-09-15 16:55:25,1,0,0
2026-09-15 16:55:30,1,0,0
2026-09-15 16:55:35,1,0,0
2026-09-15 16:55:40,1,0,0
2026-09-15 16:55:45,1,0,0
2026-09-15 16:55:50,1,0,0
2026-09-15 16:55:55,1,0,0
2026-09-15 16:56:00,1,0,0
2026-09-15 16:56:05,1,0,0
2026-09-15 16:56:10,1,0,0
2026-09-15 16:56:15,1,0,0
2026-09-15 16:56:20,1,0,0
2026-09-15 16:56:25,1,0,0
2026-09-15 16:56:30,1,0,0
2026-09-15 16:56:35,1,0,0
2026-09-15 16:56:40,1,0,0
2026-09-15 16:56:45,1,0,0
2026-09-15 16:56:50,1,0,0
2026-09-15 16:56:55,1,0,0
2026-09-15 16:57:00,1,0,0
2026-09-15 16:57:05,1,0,0
2026-09-16 10:03:53,1,1,0
2026-09-16 10:03:58,1,0,0
2026-09-16 10:04:03,1,0,0
2026-09-16 10:04:08,1,0,0
2026-09-16 10:04:13,1,0,0
2026-09-16 10:04:18,1,0,0
2026-09-16 10:04:23,1,0,0
2026-09-16 10:04:28,1,0,0
2026-09-16 10:04:33,1,0,0
2026-09-16 10:04:38,1,0,0
2026-09-16 10:04:43,1,0,0
2026-09-16 10:04:48,1,0,0
2026-09-16 10:04:53,1,0,0
2026-09-16 10:04:58,1,0,0
2026-09-16 10:05:03,1,0,0
2026-09-16 10:05:08,1,0,0
2026-09-16 10:05:13,1,0,0
2026-09-16 10:05:18,1,0,0
2026-09-16 10:05:23,1,0,0
2026-09-16 10:05:28,1,0,0
2026-09-16 10:05:33,1,0,0
2026-09-16 10:05:38,1,0,0
2026-09-16 10:05:43,1,0,0
2026-09-16 10:05:48,1,0,0
2026-09-16 10:05:53,1,0,0
2026-09-16 10:05:58,1,0,0
2026-09-16 10:06:03,1,0,0
2026-09-16 10:06:08,1,0,0
2026-09-16 10:06:13,1,0,0
2026-09-16 10:06:18,1,0,0
2026-09-16 10:06:23,1,0,0
2026-09-16 10:06:28,1,0,0
2026-09-16 10:06:33,1,0,0
2026-09-16 10:06:38,1,0,0
2026-09-16 10:06:43,1,0,0
2026-09-16 10:06:48,1,0,0
2026-09-16 10:06:53,1,0,0
2026-09-16 10:06:58,1,0,0
2026-09-16 10:07:03,1,0,0
2026-09-16 10:07:08,1,0,0
2026-09-16 10:07:13,1,0,0
2026-09-16 10:07:18,1,0,0
2026-09-16 10:07:23,1,0,0
2026-09-16 10:07:28,1,0,0
2026-09-16 10:07:33,1,0,0
2026-09-16 10:07:38,1,0,0
2026-09-16 10:07:43,1,0,0
2026-09-16 10:07:48,1,0,0
2026-09-16 10:07:53,1,0,0
2026-09-16 10:07:58,1,0,0
2026-09-16 10:08:03,1,0,0
2026-09-16 10:08:08,1,0,0
2026-09-16 10:08:13,1,0,0
2026-09-16 10:08:18,1,0,0
2026-09-16 10:08:23,1,0,0
2026-09-16 10:08:28,1,0,0
2026-09-16 10:08:33,1,0,0
2026-09-16 10:08:38,1,0,0
2026-09-16 10:08:43,1,0,0
2026-09-16 10:08:48,1,0,0
2026-09-16 10:08:53,1,0,0
2026-09-16 10:08:58,1,0,0
2026-09-16 10:09:03,1,0,0
2026-09-16 10:09:08,1,0,0
2026-09-16 10:09:13,1,0,0
2026-09-16 10:09:18,1,0,0
2026-09-16 10:09:23,1,0,0
2026-09-16 10:09:28,1,0,0
2026-09-16 10:09:33,1,0,0
2026-09-16 10:09:38,1,0,0
2026-09-16 10:09:43,1,0,0
2026-09-16 10:09:48,1,0,0
2026-09-16 10:09:53,1,0,0
2026-09-16 10:09:58,1,0,0
2026-09-16 10:10:03,1,0,0
2026-09-16 10:10:08,1,0,0
2026-09-16 10:10:13,1,0,0
2026-09-16 10:10:18,1,0,0
2026-09-16 10:10:24,1,0,0
2026-09-16 10:10:29,1,0,0
2026-09-16 10:10:34,1,0,0
2026-09-16 10:10:39,1,0,0
2026-09-16 10:10:44,1,0,0
2026-09-16 10:10:49,1,0,0
2026-09-16 10:10:54,1,0,0
2026-09-16 10:10:59,1,0,0
2026-09-16 10:11:04,1,0,0
2026-09-16 10:11:09,1,0,0
2026-09-16 10:11:14,1,0,0
2026-09-16 10:11:19,1,0,0
2026-09-16 10:11:24,1,0,0
2026-09-16 10:11:29,1,0,0
2026-09-16 10:11:34,1,0,0
2026-09-16 10:11:39,1,0,0
2026-09-16 10:11:44,1,0,0
2026-09-16 10:11:49,1,0,0
2026-09-16 10:11:54,1,0,0
2026-09-16 10:11:59,1,0,0
2026-09-16 10:12:04,1,0,0
2026-09-16 10:12:09,1,0,0
2026-09-16 10:12:14,1,0,0
2026-09-16 10:12:19,1,0,0
2026-09-16 10:12:24,1,0,0
2026-09-16 10:12:29,1,0,0
2026-09-16 10:12:34,1,0,0
2026-09-16 10:12:39,1,0,0
2026-09-16 10:12:44,1,0,0
2026-09-16 10:12:49,1,0,0
2026-09-16 10:12:54,1,0,0
2026-09-16 10:12:59,1,0,0
2026-09-16 10:13:04,1,0,0
2026-09-16 10:13:09,1,0,0
2026-09-16 10:13:14,1,0,0
2026-09-16 10:13:19,1,0,0
2026-09-16 10:13:24,1,0,0
2026-09-16 10:13:29,1,0,0
2026-09-16 10:13:34,1,0,0
2026-09-16 10:13:39,1,0,0
2026-09-16 10:13:44,1,0,0
2026-09-16 10:13:49,1,0,0
